{"cameraMode":{"drawMode":0,"name":"Shaded","section":"Shading Mode"},"sceneLighting":true,"audioPlay":false,"sceneViewState":{"m_AlwaysRefresh":false,"showFog":true,"showSkybox":true,"showFlares":true,"showImageEffects":true,"showParticleSystems":true,"showVisualEffectGraphs":true,"m_FxEnabled":true},"in2DMode":false,"pivot":{"x":0.3002798855304718,"y":0.2822592854499817,"z":4.378627300262451},"rotation":{"x":0.10502879321575165,"y":-0.42396193742752077,"z":0.049565549939870837,"w":0.8982148766517639},"size":11.474584579467774,"orthographic":true}